{"mse": 444.5935974121094, "_timestamp": 1706018535.9734302, "_runtime": 4.609654188156128, "_step": 0, "_wandb": {"runtime": 3}}