{"loss": 448.1338806152344, "_timestamp": 1706019123.3446345, "_runtime": 7.131167650222778, "_step": 1000, "mse": 444.4879150390625, "rmse": 21.082881927490234, "mae": 16.001222610473633, "_wandb": {"runtime": 5}}