{"loss": 448.03076171875, "_timestamp": 1706018654.2822917, "_runtime": 7.036007642745972, "_step": 1000, "mse": 444.42864990234375, "_wandb": {"runtime": 4}}