{"mse": 444.5426025390625, "_timestamp": 1706018221.8175457, "_runtime": 5.192120552062988, "_step": 0, "_wandb": {"runtime": 4}}